PRAGMA foreign_keys=OFF;
BEGIN TRANSACTION;
CREATE TABLE IF NOT EXISTS "django_migrations" ("id" integer NOT NULL PRIMARY KEY AUTOINCREMENT, "app" varchar(255) NOT NULL, "name" varchar(255) NOT NULL, "applied" datetime NOT NULL);
INSERT INTO django_migrations VALUES(1,'contenttypes','0001_initial','2021-09-18 11:21:24.956473');
INSERT INTO django_migrations VALUES(2,'contenttypes','0002_remove_content_type_name','2021-09-18 11:21:24.968790');
INSERT INTO django_migrations VALUES(3,'auth','0001_initial','2021-09-18 11:21:24.987152');
INSERT INTO django_migrations VALUES(4,'auth','0002_alter_permission_name_max_length','2021-09-18 11:21:24.997719');
INSERT INTO django_migrations VALUES(5,'auth','0003_alter_user_email_max_length','2021-09-18 11:21:25.007675');
INSERT INTO django_migrations VALUES(6,'auth','0004_alter_user_username_opts','2021-09-18 11:21:25.017415');
INSERT INTO django_migrations VALUES(7,'auth','0005_alter_user_last_login_null','2021-09-18 11:21:25.031771');
INSERT INTO django_migrations VALUES(8,'auth','0006_require_contenttypes_0002','2021-09-18 11:21:25.037066');
INSERT INTO django_migrations VALUES(9,'auth','0007_alter_validators_add_error_messages','2021-09-18 11:21:25.046410');
INSERT INTO django_migrations VALUES(10,'auth','0008_alter_user_username_max_length','2021-09-18 11:21:25.056693');
INSERT INTO django_migrations VALUES(11,'auth','0009_alter_user_last_name_max_length','2021-09-18 11:21:25.066634');
INSERT INTO django_migrations VALUES(12,'auth','0010_alter_group_name_max_length','2021-09-18 11:21:25.077025');
INSERT INTO django_migrations VALUES(13,'auth','0011_update_proxy_permissions','2021-09-18 11:21:25.085337');
INSERT INTO django_migrations VALUES(14,'auth','0012_alter_user_first_name_max_length','2021-09-18 11:21:25.092688');
INSERT INTO django_migrations VALUES(15,'api','0001_initial','2021-09-18 11:21:25.110009');
INSERT INTO django_migrations VALUES(16,'admin','0001_initial','2021-09-18 11:21:25.127668');
INSERT INTO django_migrations VALUES(17,'admin','0002_logentry_remove_auto_add','2021-09-18 11:21:25.143822');
INSERT INTO django_migrations VALUES(18,'admin','0003_logentry_add_action_flag_choices','2021-09-18 11:21:25.158835');
INSERT INTO django_migrations VALUES(19,'landing','0001_initial','2021-09-18 11:21:25.168914');
INSERT INTO django_migrations VALUES(20,'landing','0002_auto_20210918_1119','2021-09-18 11:21:25.195261');
INSERT INTO django_migrations VALUES(21,'sessions','0001_initial','2021-09-18 11:21:25.206756');
INSERT INTO django_migrations VALUES(22,'api','0002_user_skills','2021-09-18 11:45:51.048139');
INSERT INTO django_migrations VALUES(23,'landing','0003_auto_20210918_1145','2021-09-18 11:45:51.104064');
INSERT INTO django_migrations VALUES(24,'api','0003_alter_user_skills','2021-09-18 11:49:26.004789');
INSERT INTO django_migrations VALUES(25,'landing','0004_alter_scheme_user','2021-09-18 12:00:10.320724');
INSERT INTO django_migrations VALUES(26,'landing','0005_alter_profile_user','2021-09-18 12:05:17.600220');
INSERT INTO django_migrations VALUES(27,'landing','0006_alter_client_user','2021-09-18 15:22:59.600770');
INSERT INTO django_migrations VALUES(28,'landing','0007_alter_client_user','2021-09-18 15:23:24.590339');
INSERT INTO django_migrations VALUES(29,'api','0004_user_phone','2021-09-18 15:35:51.440424');
CREATE TABLE IF NOT EXISTS "django_content_type" ("id" integer NOT NULL PRIMARY KEY AUTOINCREMENT, "app_label" varchar(100) NOT NULL, "model" varchar(100) NOT NULL);
INSERT INTO django_content_type VALUES(1,'admin','logentry');
INSERT INTO django_content_type VALUES(2,'auth','permission');
INSERT INTO django_content_type VALUES(3,'auth','group');
INSERT INTO django_content_type VALUES(4,'contenttypes','contenttype');
INSERT INTO django_content_type VALUES(5,'sessions','session');
INSERT INTO django_content_type VALUES(6,'landing','contact');
INSERT INTO django_content_type VALUES(7,'landing','scheme');
INSERT INTO django_content_type VALUES(8,'landing','profile');
INSERT INTO django_content_type VALUES(9,'api','user');
INSERT INTO django_content_type VALUES(10,'landing','client');
CREATE TABLE IF NOT EXISTS "auth_group_permissions" ("id" integer NOT NULL PRIMARY KEY AUTOINCREMENT, "group_id" integer NOT NULL REFERENCES "auth_group" ("id") DEFERRABLE INITIALLY DEFERRED, "permission_id" integer NOT NULL REFERENCES "auth_permission" ("id") DEFERRABLE INITIALLY DEFERRED);
CREATE TABLE IF NOT EXISTS "auth_permission" ("id" integer NOT NULL PRIMARY KEY AUTOINCREMENT, "content_type_id" integer NOT NULL REFERENCES "django_content_type" ("id") DEFERRABLE INITIALLY DEFERRED, "codename" varchar(100) NOT NULL, "name" varchar(255) NOT NULL);
INSERT INTO auth_permission VALUES(1,1,'add_logentry','Can add log entry');
INSERT INTO auth_permission VALUES(2,1,'change_logentry','Can change log entry');
INSERT INTO auth_permission VALUES(3,1,'delete_logentry','Can delete log entry');
INSERT INTO auth_permission VALUES(4,1,'view_logentry','Can view log entry');
INSERT INTO auth_permission VALUES(5,2,'add_permission','Can add permission');
INSERT INTO auth_permission VALUES(6,2,'change_permission','Can change permission');
INSERT INTO auth_permission VALUES(7,2,'delete_permission','Can delete permission');
INSERT INTO auth_permission VALUES(8,2,'view_permission','Can view permission');
INSERT INTO auth_permission VALUES(9,3,'add_group','Can add group');
INSERT INTO auth_permission VALUES(10,3,'change_group','Can change group');
INSERT INTO auth_permission VALUES(11,3,'delete_group','Can delete group');
INSERT INTO auth_permission VALUES(12,3,'view_group','Can view group');
INSERT INTO auth_permission VALUES(13,4,'add_contenttype','Can add content type');
INSERT INTO auth_permission VALUES(14,4,'change_contenttype','Can change content type');
INSERT INTO auth_permission VALUES(15,4,'delete_contenttype','Can delete content type');
INSERT INTO auth_permission VALUES(16,4,'view_contenttype','Can view content type');
INSERT INTO auth_permission VALUES(17,5,'add_session','Can add session');
INSERT INTO auth_permission VALUES(18,5,'change_session','Can change session');
INSERT INTO auth_permission VALUES(19,5,'delete_session','Can delete session');
INSERT INTO auth_permission VALUES(20,5,'view_session','Can view session');
INSERT INTO auth_permission VALUES(21,6,'add_contact','Can add Contact');
INSERT INTO auth_permission VALUES(22,6,'change_contact','Can change Contact');
INSERT INTO auth_permission VALUES(23,6,'delete_contact','Can delete Contact');
INSERT INTO auth_permission VALUES(24,6,'view_contact','Can view Contact');
INSERT INTO auth_permission VALUES(25,7,'add_scheme','Can add Scheme');
INSERT INTO auth_permission VALUES(26,7,'change_scheme','Can change Scheme');
INSERT INTO auth_permission VALUES(27,7,'delete_scheme','Can delete Scheme');
INSERT INTO auth_permission VALUES(28,7,'view_scheme','Can view Scheme');
INSERT INTO auth_permission VALUES(29,8,'add_profile','Can add profile');
INSERT INTO auth_permission VALUES(30,8,'change_profile','Can change profile');
INSERT INTO auth_permission VALUES(31,8,'delete_profile','Can delete profile');
INSERT INTO auth_permission VALUES(32,8,'view_profile','Can view profile');
INSERT INTO auth_permission VALUES(33,9,'add_user','Can add user');
INSERT INTO auth_permission VALUES(34,9,'change_user','Can change user');
INSERT INTO auth_permission VALUES(35,9,'delete_user','Can delete user');
INSERT INTO auth_permission VALUES(36,9,'view_user','Can view user');
INSERT INTO auth_permission VALUES(37,10,'add_client','Can add Client');
INSERT INTO auth_permission VALUES(38,10,'change_client','Can change Client');
INSERT INTO auth_permission VALUES(39,10,'delete_client','Can delete Client');
INSERT INTO auth_permission VALUES(40,10,'view_client','Can view Client');
CREATE TABLE IF NOT EXISTS "auth_group" ("id" integer NOT NULL PRIMARY KEY AUTOINCREMENT, "name" varchar(150) NOT NULL UNIQUE);
CREATE TABLE IF NOT EXISTS "api_user_groups" ("id" integer NOT NULL PRIMARY KEY AUTOINCREMENT, "user_id" bigint NOT NULL REFERENCES "api_user" ("id") DEFERRABLE INITIALLY DEFERRED, "group_id" integer NOT NULL REFERENCES "auth_group" ("id") DEFERRABLE INITIALLY DEFERRED);
CREATE TABLE IF NOT EXISTS "api_user_user_permissions" ("id" integer NOT NULL PRIMARY KEY AUTOINCREMENT, "user_id" bigint NOT NULL REFERENCES "api_user" ("id") DEFERRABLE INITIALLY DEFERRED, "permission_id" integer NOT NULL REFERENCES "auth_permission" ("id") DEFERRABLE INITIALLY DEFERRED);
CREATE TABLE IF NOT EXISTS "django_admin_log" ("id" integer NOT NULL PRIMARY KEY AUTOINCREMENT, "action_time" datetime NOT NULL, "object_id" text NULL, "object_repr" varchar(200) NOT NULL, "change_message" text NOT NULL, "content_type_id" integer NULL REFERENCES "django_content_type" ("id") DEFERRABLE INITIALLY DEFERRED, "user_id" bigint NOT NULL REFERENCES "api_user" ("id") DEFERRABLE INITIALLY DEFERRED, "action_flag" smallint unsigned NOT NULL CHECK ("action_flag" >= 0));
INSERT INTO django_admin_log VALUES(1,'2021-09-18 11:49:42.710370','1','admin','[{"changed": {"fields": ["Skills"]}}]',9,1,2);
INSERT INTO django_admin_log VALUES(2,'2021-09-18 11:55:51.762650','1','Dylan','[{"added": {}}]',10,1,1);
INSERT INTO django_admin_log VALUES(3,'2021-09-18 11:56:40.706977','1','Instagram','[{"added": {}}]',7,1,1);
INSERT INTO django_admin_log VALUES(4,'2021-09-18 11:57:36.126114','1','admin','[{"added": {}}]',8,1,1);
INSERT INTO django_admin_log VALUES(5,'2021-09-18 11:57:56.408145','1','Cole Sprouse','[{"added": {}}]',6,1,1);
INSERT INTO django_admin_log VALUES(6,'2021-09-18 15:25:40.502431','2','Cole Sprouse','[{"added": {}}]',10,1,1);
INSERT INTO django_admin_log VALUES(7,'2021-09-18 15:41:46.857085','2','updated','[{"added": {}}]',7,1,1);
INSERT INTO django_admin_log VALUES(8,'2021-09-18 16:11:44.719253','2','Cole Sprouse','[{"added": {}}]',6,1,1);
INSERT INTO django_admin_log VALUES(9,'2021-09-18 16:11:54.803549','2','Cole Sprouse','',6,1,3);
INSERT INTO django_admin_log VALUES(10,'2021-09-18 16:11:54.807239','1','Cole Sprouse','',6,1,3);
INSERT INTO django_admin_log VALUES(11,'2021-09-18 16:15:27.060098','1','admin','[{"changed": {"fields": ["Phone", "First_name", "Last_name", "Email"]}}]',9,1,2);
INSERT INTO django_admin_log VALUES(12,'2021-09-18 19:44:06.950272','2','','',9,1,3);
CREATE TABLE IF NOT EXISTS "landing_contact" ("id" integer NOT NULL PRIMARY KEY AUTOINCREMENT, "name" varchar(255) NOT NULL, "email" varchar(255) NOT NULL, "comment" varchar(255) NOT NULL);
INSERT INTO landing_contact VALUES(3,'Cole Sprouse','dylan9803@mail.ru','asdasdad');
INSERT INTO landing_contact VALUES(4,'Adi Malikov','amalikov470@gmail.com','asdasdasd');
CREATE TABLE IF NOT EXISTS "landing_profile" ("id" integer NOT NULL PRIMARY KEY AUTOINCREMENT, "image" varchar(100) NOT NULL, "facebook" varchar(255) NULL, "twitter" varchar(255) NULL, "linkedin" varchar(255) NULL, "user_id" bigint NOT NULL UNIQUE REFERENCES "api_user" ("id") DEFERRABLE INITIALLY DEFERRED);
INSERT INTO landing_profile VALUES(1,'img/cool-profile-pictures-retouching-1_b6K6jP2.jpg','https://rezka.ag/films/documentary/33498-2040-buduschee-zhdet-2019.html','https://rezka.ag/films/documentary/33498-2040-buduschee-zhdet-2019.html','https://rezka.ag/films/documentary/33498-2040-buduschee-zhdet-2019.html',1);
CREATE TABLE IF NOT EXISTS "django_session" ("session_key" varchar(40) NOT NULL PRIMARY KEY, "session_data" text NOT NULL, "expire_date" datetime NOT NULL);
INSERT INTO django_session VALUES('a7gq9wja8ut7tb6eolo5levg9h3yudsr','.eJxVjMsOwiAQRf-FtSEMrwaX7v0GwsyAVA0kpV0Z_12bdKHbe865LxHTtta4jbzEmcVZgDj9bpjokdsO-J7arUvqbV1mlLsiDzrktXN-Xg7376CmUb914UkBOHA5EBIzGkUWmVIO1vhQUBs3mULWaR2sJwTvg9VUFBpQyov3B_bnN74:1mRYRE:hbgc6j6Ad2w06rYEjJsyYOsbEY_JdVKOhuPFg42k6N4','2021-10-02 11:23:20.754978');
CREATE TABLE IF NOT EXISTS "landing_client" ("id" integer NOT NULL PRIMARY KEY AUTOINCREMENT, "name" varchar(255) NOT NULL, "image" varchar(100) NULL, "comment" varchar(255) NOT NULL, "user_id" bigint NULL REFERENCES "api_user" ("id") DEFERRABLE INITIALLY DEFERRED);
INSERT INTO landing_client VALUES(1,'Dylan','img/index.jpeg','Best developer  ever!',1);
INSERT INTO landing_client VALUES(2,'Cole Sprouse','img/1-intro-photo-final.jpg','Best superhero movie ever!',1);
CREATE TABLE IF NOT EXISTS "landing_scheme" ("id" integer NOT NULL PRIMARY KEY AUTOINCREMENT, "title" varchar(255) NOT NULL, "date" date NOT NULL, "skills" varchar(255) NOT NULL, "link" varchar(255) NOT NULL, "comment" varchar(255) NOT NULL, "image" varchar(100) NULL, "user_id" bigint NULL REFERENCES "api_user" ("id") DEFERRABLE INITIALLY DEFERRED, "client_id" bigint NULL REFERENCES "landing_client" ("id") DEFERRABLE INITIALLY DEFERRED);
INSERT INTO landing_scheme VALUES(1,'Instagram','2021-09-18','Some skills','https://rezka.ag/films/documentary/33498-2040-buduschee-zhdet-2019.html','Best superhero movie ever!','img/bffa67dc843a183e3e1401e90c12b2a2.png',1,1);
INSERT INTO landing_scheme VALUES(2,'updated','2021-09-18','Some skills','http://localhost:8000/admin/landing/scheme/add/','Best superhero movie ever!','img/points-.png',1,2);
CREATE TABLE IF NOT EXISTS "api_user" ("id" integer NOT NULL PRIMARY KEY AUTOINCREMENT, "password" varchar(128) NOT NULL, "last_login" datetime NULL, "is_superuser" bool NOT NULL, "username" varchar(255) NOT NULL UNIQUE, "first_name" varchar(255) NULL, "last_name" varchar(255) NULL, "gender" varchar(32) NOT NULL, "email" varchar(255) NULL UNIQUE, "is_staff" bool NOT NULL, "is_active" bool NOT NULL, "date_joined" datetime NOT NULL, "skills" varchar(20) NULL, "phone" varchar(255) NOT NULL);
INSERT INTO api_user VALUES(1,'pbkdf2_sha256$260000$cBlaIdwtErf9optWwzOT8I$a6tK0um09aWIvicNp4MSnXFeOuH4umqO1uRHU0DKJKI=','2021-09-18 11:23:20',1,'admin','Cole','Sprouse','male','dylan9803@mail.ru',1,1,'2021-09-18 11:21:37','1,3,4','+996703914162');
INSERT INTO api_user VALUES(3,'pbkdf2_sha256$260000$uGlwP7D1TzJGBffY2MIFss$2KjT3V/DjodEbg5PlNC+MBcZLhT5nDQaWCwII0RpUFc=',NULL,0,'newusername','f name','l name','male','amalikov4702@gmail.com',0,0,'2021-09-18 19:43:25.156678','','');
DELETE FROM sqlite_sequence;
INSERT INTO sqlite_sequence VALUES('django_migrations',29);
INSERT INTO sqlite_sequence VALUES('django_content_type',10);
INSERT INTO sqlite_sequence VALUES('auth_permission',40);
INSERT INTO sqlite_sequence VALUES('auth_group',0);
INSERT INTO sqlite_sequence VALUES('django_admin_log',12);
INSERT INTO sqlite_sequence VALUES('landing_scheme',2);
INSERT INTO sqlite_sequence VALUES('landing_client',2);
INSERT INTO sqlite_sequence VALUES('landing_profile',1);
INSERT INTO sqlite_sequence VALUES('landing_contact',4);
INSERT INTO sqlite_sequence VALUES('api_user',3);
CREATE UNIQUE INDEX "django_content_type_app_label_model_76bd3d3b_uniq" ON "django_content_type" ("app_label", "model");
CREATE UNIQUE INDEX "auth_group_permissions_group_id_permission_id_0cd325b0_uniq" ON "auth_group_permissions" ("group_id", "permission_id");
CREATE INDEX "auth_group_permissions_group_id_b120cbf9" ON "auth_group_permissions" ("group_id");
CREATE INDEX "auth_group_permissions_permission_id_84c5c92e" ON "auth_group_permissions" ("permission_id");
CREATE UNIQUE INDEX "auth_permission_content_type_id_codename_01ab375a_uniq" ON "auth_permission" ("content_type_id", "codename");
CREATE INDEX "auth_permission_content_type_id_2f476e4b" ON "auth_permission" ("content_type_id");
CREATE UNIQUE INDEX "api_user_groups_user_id_group_id_9c7ddfb5_uniq" ON "api_user_groups" ("user_id", "group_id");
CREATE INDEX "api_user_groups_user_id_a5ff39fa" ON "api_user_groups" ("user_id");
CREATE INDEX "api_user_groups_group_id_3af85785" ON "api_user_groups" ("group_id");
CREATE UNIQUE INDEX "api_user_user_permissions_user_id_permission_id_a06dd704_uniq" ON "api_user_user_permissions" ("user_id", "permission_id");
CREATE INDEX "api_user_user_permissions_user_id_f3945d65" ON "api_user_user_permissions" ("user_id");
CREATE INDEX "api_user_user_permissions_permission_id_305b7fea" ON "api_user_user_permissions" ("permission_id");
CREATE INDEX "django_admin_log_content_type_id_c4bce8eb" ON "django_admin_log" ("content_type_id");
CREATE INDEX "django_admin_log_user_id_c564eba6" ON "django_admin_log" ("user_id");
CREATE INDEX "django_session_expire_date_a5c62663" ON "django_session" ("expire_date");
CREATE INDEX "landing_client_user_id_96e5810e" ON "landing_client" ("user_id");
CREATE INDEX "landing_scheme_user_id_22b3e649" ON "landing_scheme" ("user_id");
CREATE INDEX "landing_scheme_client_id_d356abd8" ON "landing_scheme" ("client_id");
COMMIT;
